gh_torrent_id,p_of_chi_test,residual_1_1,residual_1_2,residual_2_1,residual_2_2,odds_ratio,p_of_odds_ratio
312,1.80648308274764e-49,-4.38910898022581,6.93570502149162,6.59568644012338,-10.4225563249957,0.37233354831008,0
340,NA,NA,NA,NA,NA,NA,NA
