project_owner,project_name,p_of_chi_test,residual_1_1,residual_1_2,residual_2_1,residual_2_2,odds_ratio,p_of_odds_ratio
intridea,grape,0.423305424322418,0.489681810201466,-0.616169432164125,-0.539603073638203,0.678985644455274,2.311983038483,0.273093130853928
Katello,katello,1,0,0,0,0,0.99999998378707,1
intridea,grape,0.423305424322418,0.489681810201466,-0.616169432164125,-0.539603073638203,0.678985644455274,2.311983038483,0.273093130853928
Katello,katello,1,-0.127453185483646,0.120912708351669,0.120912708351669,-0.114707866935281,0.81218525624469,0.828140899348329
